<service guid="XeroConnector" version="1.0" imported="false"><display name="XeroConnector" categories="Cloud" /><icon small="default.gif" large="largedefault.gif" /><creation date="05-09-2016 12:54:25" last-modified="19-09-2016 14:04:04" authors="Fiorano Software Technologies Pvt. Ltd." /><short-description>xeroconnector service</short-description><deployment label="PRODUCTION"><resources><resource name="apachehttpclient_4.2.5.jar" /><resource name="commons-logging-1.1.1.jar" /><resource name="httpcore-4.2.4.jar" /><resource name="httpcore-nio-4.2.4.jar" /><resource name="httpmime-4.1.1.jar" /><resource name="oauth-20100601.jar" /><resource name="oauth-consumer-20100601.jar" /><resource name="oauth-httpclient4-20100601.jar" /><resource name="XeroConnector.jar" /></resources><servicerefs><serviceref guid="TifosiJavaRTL" version="4.0" /><serviceref guid="jms" version="4.0" /><serviceref guid="EDBCEngine" version="4.0" /><serviceref guid="cps" version="4.0" /></servicerefs></deployment><execution subtype="JMS"><ccp min-version-supported="1.0" max-version-supported="1.0" /><separate-process executable="com.fiorano.esb.service.XeroConnector" /><inmemory executable="com.fiorano.esb.service.XeroConnector" /><cps><launcher>com.fiorano.esb.service.cps.XeroConnectorPropertySheet</launcher></cps><input-ports><port name="IN_PORT"><description>A new port for this Service</description><schema root="{http://www.fiorano.com/fesb/Xero/In}Request"><file>IN_PORT.xsd</file></schema></port></input-ports><output-ports><port name="OUT_PORT"><description>A new port for this Service</description></port></output-ports><logmodules><logmodule name="ERR_HANDLER" level="INFO" uniqueNameRequired="true" /><logmodule name="OUT_HANDLER" level="INFO" uniqueNameRequired="true" /><logmodule name="com.fiorano.esb.service.XeroConnector" level="WARNING" uniqueNameRequired="true" /><logmodule name="com.fiorano.edbc.framework.service.ccp.jms" uniqueNameRequired="true" /></logmodules><runtime-arguments><runtime-argument name="JVM_PARAMS" mandatory="false" inmemory="false"><value>-DLOG_TO_STREAM=true</value></runtime-argument></runtime-arguments></execution></service>