<?xml version="1.0" encoding="UTF-8"?>
<application guid="DB_TO_XERO_PRICEUPDATE" version="1.0">
  <display categories="Xero" name="DB_To_XERO_PriceUpdate"/>
  <creation authors="eStudio" date="19-09-2016 03:46:34" schema-version="2.0"/>
  <deployment cache="false" label="Development"/>
  <service-instances>
    <inst name="DB1">
      <service guid="DB" version="4.0"/>
      <short-description>The DBAdapter is a Query Engine that creates and executes a single SQL Statement or a set of queries to perform the database related operations such as insertion, updation, deletion, stored procedure execution or table monitoring</short-description>
      <long-description>The DBAdapter is a Query Engine that creates and executes a single SQL Statement or a set of queries to perform the database related operations such as insertion, updation, deletion, stored procedure execution or table monitoring</long-description>
      <config-file name="DB1.xml"/>
      <resource-properties>
        <resource-property name="Database URL">jdbc:sqlserver://192.168.2.32:1234;databaseName=testdb</resource-property>
        <resource-property name="Username">sa</resource-property>
        <resource-property name="Connection Ping SQL">select 1</resource-property>
        <resource-property name="Driver Name">com.microsoft.sqlserver.jdbc.SQLServerDriver</resource-property>
        <resource-property name="Database Name">Microsoft SQL Server 2012</resource-property>
      </resource-properties>
      <named-configurations>
        <named-configuration name="DBConfig" configurationID="DBConfigurations" configurationType="resource"/>
      </named-configurations>
      <deployment nodes="fps"/>
      <execution>
        <debug enabled="false" port="5000" suspend="false"/>
        <launchOrder-Sequence sequence="-1"/>
        <stopOrder-Sequence sequence="-1"/>
      </execution>
      <inputport-instances>
        <inputport-instance name="IN_PORT">
          <description>Accepts data related to queries in XSD format</description>
          <workflow datatype="2" type="0" enablecallout="false"/>
          <schema root="{http://www.fiorano.com/fesb/activity/DB1/Request}SQL_CFG_1">
            <file>IN_PORT0.xsd</file>
          </schema>
          <jms enabled="false">
            <destination/>
            <subscriber>
              <transaction enabled="false"/>
              <subscription durable="false"/>
            </subscriber>
          </jms>
        </inputport-instance>
      </inputport-instances>
      <outputport-instances>
        <outputport-instance name="OUT_PORT">
          <description>Sends out results of the execution of SQL statements on the database</description>
          <workflow datatype="2" type="0" enablecallout="false"/>
          <schema root="{http://www.fiorano.com/fesb/activity/DB1/Response}SQL_CFG_1">
            <file>OUT_PORT2.xsd</file>
          </schema>
          <jms>
            <destination/>
            <publisher>
              <messages persistent="true"/>
            </publisher>
          </jms>
        </outputport-instance>
        <outputport-instance name="ON_EXCEPTION">
          <description>Used as an Exception Port</description>
          <workflow datatype="2" type="1" enablecallout="false"/>
          <schema root="{http://www.fiorano.com/fesb/activity/fault}Error">
            <file>ON_EXCEPTION.xsd</file>
          </schema>
          <jms>
            <destination/>
            <publisher>
              <messages persistent="true"/>
            </publisher>
          </jms>
        </outputport-instance>
      </outputport-instances>
      <logmanager logger="java.util.logging.FileHandler">
        <Param name="java.util.logging.FileHandler.limit">1000000</Param>
        <Param name="java.util.logging.FileHandler.dir">logs</Param>
        <Param name="fiorano.jms.log2.def.DefaultFormatter.dateformat">MM/dd/yyyy HH:mm:ss</Param>
        <Param name="java.util.logging.FileHandler.count">4</Param>
        <Param name="fiorano.jms.log2.def.DefaultFormatter.includetimestamp">true</Param>
      </logmanager>
      <logmodules>
        <logmodule level="OFF" name="com.fiorano.services.customencryption" uniqueNameRequired="true"/>
        <logmodule name="com.fiorano.bc.trgateway" uniqueNameRequired="true"/>
        <logmodule name="ERR_HANDLER" uniqueNameRequired="true"/>
        <logmodule name="com.fiorano.adapter.jca.db.spi.outbound.DBManagedConnectionFactory" uniqueNameRequired="true"/>
        <logmodule name="com.fiorano.adapter.db.DBServiceDefaultErrorHandler" uniqueNameRequired="true"/>
        <logmodule name="com.fiorano.adapter.jca.db.DBServiceErrorHandlerImpl" uniqueNameRequired="true"/>
        <logmodule level="INFO" name="OUT_HANDLER" uniqueNameRequired="true"/>
        <logmodule name="com.fiorano.adapter.jca.db.cci.DBInteraction" uniqueNameRequired="true"/>
        <logmodule name="fiorano.esb.adapter.jca.dii.db.monitor" uniqueNameRequired="true"/>
      </logmodules>
      <runtime-arguments>
        <runtime-argument inmemory="false" mandatory="false" name="JVM_PARAMS">
          <value> -client -DLOG_TO_STREAM=true -Xrs</value>
        </runtime-argument>
        <runtime-argument inmemory="false" mandatory="false" name="JAVA_HOME"/>
      </runtime-arguments>
    </inst>
    <inst name="Display1">
      <service guid="Display" version="4.0"/>
      <short-description>Component for Displaying documents</short-description>
      <deployment nodes="fps"/>
      <execution>
        <debug enabled="false" port="5000" suspend="false"/>
        <launchOrder-Sequence sequence="-1"/>
        <stopOrder-Sequence sequence="-1"/>
      </execution>
      <inputport-instances>
        <inputport-instance name="IN_PORT">
          <description>Receives all incoming messages to display them in a user friendly format</description>
          <workflow datatype="2" type="0" enablecallout="false"/>
          <jms>
            <destination/>
            <subscriber>
              <transaction enabled="false"/>
              <subscription durable="false"/>
            </subscriber>
          </jms>
        </inputport-instance>
      </inputport-instances>
      <outputport-instances>
        <outputport-instance name="OUT_PORT">
          <description>Sends the document received at input port to the next business component in the workflow</description>
          <workflow datatype="2" type="0" enablecallout="false"/>
          <jms>
            <destination/>
            <publisher>
              <messages persistent="true"/>
            </publisher>
          </jms>
        </outputport-instance>
        <outputport-instance name="ON_EXCEPTION">
          <description>Used as an Exception Port</description>
          <workflow datatype="2" type="1" enablecallout="false"/>
          <schema root="{http://www.fiorano.com/fesb/activity/fault}Error">
            <file>ON_EXCEPTION.xsd</file>
          </schema>
          <jms>
            <destination/>
            <publisher>
              <messages persistent="true"/>
            </publisher>
          </jms>
        </outputport-instance>
      </outputport-instances>
      <logmanager logger="java.util.logging.FileHandler">
        <Param name="java.util.logging.FileHandler.limit">1000000</Param>
        <Param name="java.util.logging.FileHandler.dir">logs</Param>
        <Param name="fiorano.jms.log2.def.DefaultFormatter.dateformat">MM/dd/yyyy HH:mm:ss</Param>
        <Param name="java.util.logging.FileHandler.count">4</Param>
        <Param name="fiorano.jms.log2.def.DefaultFormatter.includetimestamp">true</Param>
      </logmanager>
      <logmodules>
        <logmodule level="WARNING" name="com.fiorano.services.display.DisplayService" uniqueNameRequired="true"/>
        <logmodule level="WARNING" name="com.fiorano.services.display.transport.jms" uniqueNameRequired="true"/>
        <logmodule level="WARNING" name="com.fiorano.services.display.engine" uniqueNameRequired="true"/>
        <logmodule name="ERR_HANDLER" uniqueNameRequired="true"/>
        <logmodule level="INFO" name="OUT_HANDLER" uniqueNameRequired="true"/>
      </logmodules>
      <runtime-arguments>
        <runtime-argument inmemory="false" mandatory="false" name="JVM_PARAMS">
          <value> -client -DLOG_TO_STREAM=true -Xrs</value>
        </runtime-argument>
        <runtime-argument inmemory="false" mandatory="false" name="JAVA_HOME"/>
      </runtime-arguments>
    </inst>
    <inst name="UpdateSalePrice">
      <service guid="XeroConnector" version="1.0"/>
      <short-description>xeroconnector service</short-description>
      <config-file name="UpdateSalePrice.xml"/>
      <deployment nodes="fps"/>
      <execution>
        <debug enabled="true" port="5000" suspend="false"/>
        <launchOrder-Sequence sequence="-1"/>
        <stopOrder-Sequence sequence="-1"/>
      </execution>
      <inputport-instances>
        <inputport-instance name="IN_PORT">
          <description>A new port for this Service</description>
          <workflow datatype="2" type="0" enablecallout="false"/>
          <schema root="{http://www.fiorano.com/fesb/Xero/In}Request">
            <file>IN_PORT.xsd</file>
          </schema>
          <jms>
            <destination/>
            <subscriber>
              <transaction enabled="false"/>
              <subscription durable="false"/>
            </subscriber>
          </jms>
        </inputport-instance>
      </inputport-instances>
      <outputport-instances>
        <outputport-instance name="ON_EXCEPTION">
          <description>Used as an Exception Port</description>
          <workflow datatype="2" type="1" enablecallout="false"/>
          <schema root="{http://www.fiorano.com/fesb/activity/fault}Error">
            <file>ON_EXCEPTION.xsd</file>
          </schema>
          <jms>
            <destination/>
            <publisher>
              <messages persistent="true"/>
            </publisher>
          </jms>
        </outputport-instance>
        <outputport-instance name="OUT_PORT">
          <description>A new port for this Service</description>
          <workflow datatype="2" type="0" enablecallout="false"/>
          <schema root="Response">
            <file>OUT_PORT.xsd</file>
          </schema>
          <jms>
            <destination/>
            <publisher>
              <messages persistent="true"/>
            </publisher>
          </jms>
        </outputport-instance>
      </outputport-instances>
      <logmanager logger="java.util.logging.FileHandler">
        <Param name="java.util.logging.FileHandler.limit">1000000</Param>
        <Param name="java.util.logging.FileHandler.dir">logs</Param>
        <Param name="fiorano.jms.log2.def.DefaultFormatter.dateformat">MM/dd/yyyy HH:mm:ss</Param>
        <Param name="java.util.logging.FileHandler.count">4</Param>
        <Param name="fiorano.jms.log2.def.DefaultFormatter.includetimestamp">true</Param>
      </logmanager>
      <logmodules>
        <logmodule level="ALL" name="ERR_HANDLER" uniqueNameRequired="true"/>
        <logmodule level="ALL" name="OUT_HANDLER" uniqueNameRequired="true"/>
        <logmodule level="ALL" name="com.fiorano.esb.service.XeroConnector" uniqueNameRequired="true"/>
        <logmodule level="ALL" name="com.fiorano.edbc.framework.service.ccp.jms" uniqueNameRequired="true"/>
      </logmodules>
      <runtime-arguments>
        <runtime-argument inmemory="false" mandatory="false" name="JVM_PARAMS">
          <value> -client -DLOG_TO_STREAM=true -Xrs</value>
        </runtime-argument>
        <runtime-argument inmemory="false" mandatory="false" name="JAVA_HOME"/>
      </runtime-arguments>
    </inst>
    <inst name="Xslt1">
      <service guid="Xslt" version="4.0"/>
      <short-description>Transforms input XML based on Mappings defined and generates an output XML</short-description>
      <long-description>Transforms input XML based on Mappings defined and generates an output XML</long-description>
      <config-file name="Xslt1.xml"/>
      <resource-properties>
        <resource-property name="Transformation Class Name"></resource-property>
        <resource-property name="XSLT Engine">Xalan</resource-property>
      </resource-properties>
      <deployment nodes="fps"/>
      <execution>
        <debug enabled="false" port="5000" suspend="false"/>
        <launchOrder-Sequence sequence="-1"/>
        <stopOrder-Sequence sequence="-1"/>
      </execution>
      <inputport-instances>
        <inputport-instance name="IN_PORT">
          <description>Transforms input XML based on Mappings defined and generates an output XML.</description>
          <workflow datatype="2" type="0" enablecallout="false"/>
          <schema root="{http://www.fiorano.com/fesb/activity/DB1/Response}SQL_CFG_1">
            <file>IN_PORT4.xsd</file>
          </schema>
          <jms>
            <destination/>
            <subscriber>
              <transaction enabled="false"/>
              <subscription durable="false"/>
            </subscriber>
          </jms>
        </inputport-instance>
      </inputport-instances>
      <outputport-instances>
        <outputport-instance name="OUT_PORT">
          <description>Transforms input XML based on Mappings defined and generates an output XML.</description>
          <workflow datatype="2" type="0" enablecallout="false"/>
          <schema root="Item" type="0">
            <file>OUT_PORT.dtd</file>
          </schema>
          <jms>
            <destination/>
            <publisher>
              <messages persistent="true"/>
            </publisher>
          </jms>
        </outputport-instance>
        <outputport-instance name="ON_EXCEPTION">
          <description>Used as an Exception Port</description>
          <workflow datatype="2" type="1" enablecallout="false"/>
          <schema root="{http://www.fiorano.com/fesb/activity/fault}Error">
            <file>ON_EXCEPTION.xsd</file>
          </schema>
          <jms>
            <destination/>
            <publisher>
              <messages persistent="true"/>
            </publisher>
          </jms>
        </outputport-instance>
      </outputport-instances>
      <logmanager logger="java.util.logging.FileHandler">
        <Param name="java.util.logging.FileHandler.limit">1000000</Param>
        <Param name="java.util.logging.FileHandler.dir">logs</Param>
        <Param name="fiorano.jms.log2.def.DefaultFormatter.dateformat">MM/dd/yyyy HH:mm:ss</Param>
        <Param name="java.util.logging.FileHandler.count">4</Param>
        <Param name="fiorano.jms.log2.def.DefaultFormatter.includetimestamp">true</Param>
      </logmanager>
      <logmodules>
        <logmodule level="WARNING" name="ERR_HANDLER" uniqueNameRequired="true"/>
        <logmodule level="INFO" name="OUT_HANDLER" uniqueNameRequired="true"/>
        <logmodule name="com.fiorano.services.xslt.xslt" uniqueNameRequired="true"/>
      </logmodules>
      <runtime-arguments>
        <runtime-argument mandatory="false" name="JVM_PARAMS">
          <value> -client -DLOG_TO_STREAM=true -Xrs</value>
        </runtime-argument>
        <runtime-argument inmemory="false" mandatory="false" name="JAVA_HOME"/>
      </runtime-arguments>
    </inst>
    <inst name="Display2">
      <service guid="Display" version="4.0"/>
      <short-description>Component for Displaying documents</short-description>
      <deployment nodes="fps"/>
      <execution>
        <debug enabled="false" port="5000" suspend="false"/>
        <launchOrder-Sequence sequence="-1"/>
        <stopOrder-Sequence sequence="-1"/>
      </execution>
      <inputport-instances>
        <inputport-instance name="IN_PORT">
          <description>Receives all incoming messages to display them in a user friendly format</description>
          <workflow datatype="2" type="0" enablecallout="false"/>
          <jms>
            <destination/>
            <subscriber>
              <transaction enabled="false"/>
              <subscription durable="false"/>
            </subscriber>
          </jms>
        </inputport-instance>
      </inputport-instances>
      <outputport-instances>
        <outputport-instance name="OUT_PORT">
          <description>Sends the document received at input port to the next business component in the workflow</description>
          <workflow datatype="2" type="0" enablecallout="false"/>
          <jms>
            <destination/>
            <publisher>
              <messages persistent="true"/>
            </publisher>
          </jms>
        </outputport-instance>
        <outputport-instance name="ON_EXCEPTION">
          <description>Used as an Exception Port</description>
          <workflow datatype="2" type="1" enablecallout="false"/>
          <schema root="{http://www.fiorano.com/fesb/activity/fault}Error">
            <file>ON_EXCEPTION.xsd</file>
          </schema>
          <jms>
            <destination/>
            <publisher>
              <messages persistent="true"/>
            </publisher>
          </jms>
        </outputport-instance>
      </outputport-instances>
      <logmanager logger="java.util.logging.FileHandler">
        <Param name="java.util.logging.FileHandler.limit">1000000</Param>
        <Param name="java.util.logging.FileHandler.dir">logs</Param>
        <Param name="fiorano.jms.log2.def.DefaultFormatter.dateformat">MM/dd/yyyy HH:mm:ss</Param>
        <Param name="java.util.logging.FileHandler.count">4</Param>
        <Param name="fiorano.jms.log2.def.DefaultFormatter.includetimestamp">true</Param>
      </logmanager>
      <logmodules>
        <logmodule level="WARNING" name="com.fiorano.services.display.DisplayService" uniqueNameRequired="true"/>
        <logmodule level="WARNING" name="com.fiorano.services.display.transport.jms" uniqueNameRequired="true"/>
        <logmodule level="WARNING" name="com.fiorano.services.display.engine" uniqueNameRequired="true"/>
        <logmodule name="ERR_HANDLER" uniqueNameRequired="true"/>
        <logmodule level="INFO" name="OUT_HANDLER" uniqueNameRequired="true"/>
      </logmodules>
      <runtime-arguments>
        <runtime-argument inmemory="false" mandatory="false" name="JVM_PARAMS">
          <value> -client -DLOG_TO_STREAM=true -Xrs</value>
        </runtime-argument>
        <runtime-argument inmemory="false" mandatory="false" name="JAVA_HOME"/>
      </runtime-arguments>
    </inst>
  </service-instances>
  <routes>
    <route name="route1">
      <source inst="DB1" port="OUT_PORT"/>
      <target inst="Display1" port="IN_PORT"/>
      <messages durabilitySource="Application"/>
      <selectors>
        <selector type="body"><xpath query="/ns1:SQL_CFG_1/ns1:dbo.Inventory/ns1:item_id">
            <namespaces>
              <namespace prefix="ns2">http://www.w3.org/2001/XMLSchema</namespace>
              <namespace prefix="ns1">http://www.fiorano.com/fesb/activity/DB1/Response</namespace>
            </namespaces>
          </xpath></selector>
      </selectors>
    </route>
    <route name="route2">
      <source inst="DB1" port="OUT_PORT"/>
      <target inst="Xslt1" port="IN_PORT"/>
      <messages durabilitySource="Application"/>
      <selectors>
        <selector type="body"><xpath query="/ns1:SQL_CFG_1/ns1:dbo.Inventory/ns1:item_id">
            <namespaces>
              <namespace prefix="ns2">http://www.w3.org/2001/XMLSchema</namespace>
              <namespace prefix="ns1">http://www.fiorano.com/fesb/activity/DB1/Response</namespace>
            </namespaces>
          </xpath></selector>
      </selectors>
    </route>
    <route name="route3">
      <source inst="Xslt1" port="OUT_PORT"/>
      <target inst="UpdateSalePrice" port="IN_PORT"/>
      <messages durabilitySource="Application"/>
      <message-transformation>
        <script-file name="script.xml"/>
        <project-file name="project"/>
      </message-transformation>
    </route>
    <route name="route4">
      <source inst="UpdateSalePrice" port="OUT_PORT"/>
      <target inst="Display2" port="IN_PORT"/>
      <messages durabilitySource="Application"/>
    </route>
  </routes>
  <durableRoute/>
  <deleteDestinationAfterStop/>
  <Metadata productVersion="10" buildNo="10600" createdBy="admin"/>
</application>