<?xml version="1.0" encoding="UTF-8"?>
<xsl:stylesheet version="1.0" xmlns:datetime="http://exslt.org/dates-and-times" xmlns:set="http://exslt.org/sets" xmlns:xsi="http://www.w3.org/2001/XMLSchema-instance" xmlns:xsl="http://www.w3.org/1999/XSL/Transform" xmlns:math="http://exslt.org/math" xmlns:lxslt="http://xml.apache.org/xslt" xmlns:xalan="http://xml.apache.org/xslt" xmlns:java="http://xml.apache.org/xslt/java" exclude-result-prefixes="xalan java lxslt" xmlns:ns3="http://www.w3.org/2001/XMLSchema" xmlns:ns1="http://www.fiorano.com/fesb/activity/DB1/Request" xmlns:dateConversion="ext1" xmlns:myext="ext2" xmlns:strings="ext3" extension-element-prefixes="datetime set math dateConversion myext strings">
  <xsl:output method="xml" indent="yes" encoding="UTF-8" xalan:indent-amount="2" omit-xml-declaration="no"></xsl:output>
  <xsl:variable name="document" select="/"></xsl:variable>
  <xsl:variable name="document_OUT_PORT" select="document('OUT_PORT')"></xsl:variable>
  <xsl:template match="/">
    <ns1:SQL_CFG_1>
      <xsl:for-each select="$document_OUT_PORT/Response/Items/Item">
        <ns1:insertORupdate>
          <ns1:item_id>
            <xsl:value-of select="./ItemID"></xsl:value-of>
          </ns1:item_id>
          <ns1:code>
            <xsl:value-of select="./Code"></xsl:value-of>
          </ns1:code>
          <ns1:purchaseUnitPrice>
            <xsl:value-of select="./PurchaseDetails/UnitPrice"></xsl:value-of>
          </ns1:purchaseUnitPrice>
          <ns1:salesUnitPrice>
            <xsl:value-of select="./SalesDetails/UnitPrice"></xsl:value-of>
          </ns1:salesUnitPrice>
          <ns1:wc_item_id>
            <xsl:value-of select="./ItemID"></xsl:value-of>
          </ns1:wc_item_id>
        </ns1:insertORupdate>
      </xsl:for-each>
    </ns1:SQL_CFG_1>
  </xsl:template>
</xsl:stylesheet>