<?xml version="1.0" encoding="UTF-8"?> 
<java version="1.7.0_60" class="java.beans.XMLDecoder"> 
 <object class="com.fiorano.bc.feeder.model.FeederPM"> 
  <void property="attachment"> 
   <object class="java.util.LinkedHashMap"/> 
  </void> 
  <void property="configuredVersion"> 
   <int>1033</int> 
  </void> 
  <void property="defaultMessage"> 
   <string>&lt;Account&gt;
   &lt;Code&gt;500&lt;/Code&gt;
   &lt;Name&gt;Sales Test Accounts&lt;/Name&gt;
   &lt;Type&gt;SALES&lt;/Type&gt;
&lt;/Account&gt;</string> 
  </void> 
  <void property="elementsToEncrypt"> 
   <object class="com.fiorano.services.common.configuration.EncryptDecryptElements"> 
    <void property="namespaces"> 
     <void method="put"> 
      <string>xsd</string> 
      <string>http://www.w3.org/2001/XMLSchema</string> 
     </void> 
     <void method="put"> 
      <string>xml</string> 
      <string>http://www.w3.org/XML/1998/namespace</string> 
     </void> 
    </void> 
   </object> 
  </void> 
  <void property="errorHandlingConfiguration"> 
   <void property="errorActionsMap"> 
    <void method="get"> 
     <object class="com.fiorano.edbc.framework.service.exception.ServiceErrorID" method="getServiceErrorId"> 
      <int>3</int> 
     </object> 
     <void method="clear"/> 
     <void method="add"> 
      <object class="com.fiorano.edbc.framework.service.exception.ErrorHandlingAction"/> 
     </void> 
     <void method="add"> 
      <object class="com.fiorano.edbc.framework.service.exception.ErrorHandlingAction"> 
       <void property="id"> 
        <int>5</int> 
       </void> 
      </object> 
     </void> 
    </void> 
    <void method="get"> 
     <object class="com.fiorano.edbc.framework.service.exception.ServiceErrorID" method="getServiceErrorId"> 
      <int>2</int> 
     </object> 
     <void method="clear"/> 
     <void method="add"> 
      <object class="com.fiorano.edbc.framework.service.exception.ErrorHandlingAction"/> 
     </void> 
     <void method="add"> 
      <object class="com.fiorano.edbc.framework.service.exception.ErrorHandlingAction"> 
       <void property="id"> 
        <int>1</int> 
       </void> 
      </object> 
     </void> 
    </void> 
    <void method="get"> 
     <object class="com.fiorano.edbc.framework.service.exception.ServiceErrorID" method="getServiceErrorId"> 
      <int>1</int> 
     </object> 
     <void method="clear"/> 
     <void method="add"> 
      <object class="com.fiorano.edbc.framework.service.exception.ErrorHandlingAction"/> 
     </void> 
     <void method="add"> 
      <object class="com.fiorano.edbc.framework.service.exception.RetryAction"> 
       <void property="configuration"> 
        <object class="com.fiorano.edbc.framework.service.exception.RetryConfiguration"> 
         <void property="otherActions"> 
          <void method="put"> 
           <object class="com.fiorano.edbc.framework.service.exception.ErrorHandlingAction"> 
            <void property="id"> 
             <int>1</int> 
            </void> 
           </object> 
           <int>1</int> 
          </void> 
          <void method="put"> 
           <object class="com.fiorano.edbc.framework.service.exception.ErrorHandlingAction"/> 
           <int>1</int> 
          </void> 
         </void> 
        </object> 
       </void> 
       <void property="id"> 
        <int>2</int> 
       </void> 
      </object> 
     </void> 
     <void method="add"> 
      <object class="com.fiorano.edbc.framework.service.exception.ErrorHandlingAction"> 
       <void property="id"> 
        <int>1</int> 
       </void> 
      </object> 
     </void> 
     <void method="add"> 
      <object class="com.fiorano.edbc.framework.service.exception.ErrorHandlingAction"> 
       <void property="id"> 
        <int>5</int> 
       </void> 
      </object> 
     </void> 
     <void method="add"> 
      <object class="com.fiorano.edbc.framework.service.exception.ErrorHandlingAction"> 
       <void property="id"> 
        <int>4</int> 
       </void> 
      </object> 
     </void> 
    </void> 
    <void method="get"> 
     <object class="com.fiorano.edbc.framework.service.exception.ServiceErrorID" method="getServiceErrorId"> 
      <int>0</int> 
     </object> 
     <void method="clear"/> 
     <void method="add"> 
      <object class="com.fiorano.edbc.framework.service.exception.ErrorHandlingAction"/> 
     </void> 
     <void method="add"> 
      <object class="com.fiorano.edbc.framework.service.exception.ErrorHandlingAction"> 
       <void property="id"> 
        <int>6</int> 
       </void> 
      </object> 
     </void> 
     <void method="add"> 
      <object class="com.fiorano.edbc.framework.service.exception.ErrorHandlingAction"> 
       <void property="id"> 
        <int>1</int> 
       </void> 
      </object> 
     </void> 
     <void method="add"> 
      <object class="com.fiorano.edbc.framework.service.exception.ErrorHandlingAction"> 
       <void property="id"> 
        <int>5</int> 
       </void> 
      </object> 
     </void> 
    </void> 
   </void> 
  </void> 
  <void property="header"> 
   <object class="java.util.LinkedHashMap"/> 
  </void> 
  <void property="schema"> 
   <object class="fiorano.esb.record.ESBRecordDefinition"> 
    <void property="rootElementName"> 
     <string>Account</string> 
    </void> 
    <void property="structure"> 
     <string>&lt;xs:schema attributeFormDefault=&quot;unqualified&quot; elementFormDefault=&quot;qualified&quot; xmlns:xs=&quot;http://www.w3.org/2001/XMLSchema&quot;&gt;
  &lt;xs:element name=&quot;Account&quot;&gt;
    &lt;xs:complexType&gt;
      &lt;xs:sequence&gt;
        &lt;xs:element type=&quot;xs:short&quot; name=&quot;Code&quot;/&gt;
        &lt;xs:element type=&quot;xs:string&quot; name=&quot;Name&quot;/&gt;
        &lt;xs:element type=&quot;xs:string&quot; name=&quot;Type&quot;/&gt;
      &lt;/xs:sequence&gt;
    &lt;/xs:complexType&gt;
  &lt;/xs:element&gt;
&lt;/xs:schema&gt;</string> 
    </void> 
    <void property="targetNamespace"> 
     <string></string> 
    </void> 
   </object> 
  </void> 
 </object> 
</java> 
