<?xml version="1.0" encoding="UTF-8"?> 
<java version="1.7.0_60" class="java.beans.XMLDecoder"> 
 <object class="com.fiorano.bc.feeder.model.FeederPM"> 
  <void property="attachment"> 
   <object class="java.util.LinkedHashMap"/> 
  </void> 
  <void property="configuredVersion"> 
   <int>1033</int> 
  </void> 
  <void property="defaultMessage"> 
   <string>&lt;ns1:Request xmlns:ns1=&quot;http://www.fiorano.com/fesb/Xero/In&quot;&gt;
   &lt;ns1:URL&gt;https://api.xero.com/api.xro/2.0/BankTransactions&lt;/ns1:URL&gt;
   &lt;ns1:method&gt;GET&lt;/ns1:method&gt;
   &lt;ns1:Headers&gt;
      &lt;ns1:Parameter name=&quot;If-Modified-Since&quot;&gt;2016-09-18T00:00:00&lt;/ns1:Parameter&gt;
   &lt;/ns1:Headers&gt;

&lt;/ns1:Request&gt;</string> 
  </void> 
  <void property="elementsToEncrypt"> 
   <object class="com.fiorano.services.common.configuration.EncryptDecryptElements"> 
    <void property="namespaces"> 
     <void method="put"> 
      <string>xsd</string> 
      <string>http://www.w3.org/2001/XMLSchema</string> 
     </void> 
     <void method="put"> 
      <string>xml</string> 
      <string>http://www.w3.org/XML/1998/namespace</string> 
     </void> 
     <void method="put"> 
      <string>ns1</string> 
      <string>http://www.fiorano.com/fesb/Xero/In</string> 
     </void> 
    </void> 
   </object> 
  </void> 
  <void property="errorHandlingConfiguration"> 
   <void property="errorActionsMap"> 
    <void method="get"> 
     <object class="com.fiorano.edbc.framework.service.exception.ServiceErrorID" method="getServiceErrorId"> 
      <int>3</int> 
     </object> 
     <void method="clear"/> 
     <void method="add"> 
      <object class="com.fiorano.edbc.framework.service.exception.ErrorHandlingAction"/> 
     </void> 
     <void method="add"> 
      <object class="com.fiorano.edbc.framework.service.exception.ErrorHandlingAction"> 
       <void property="id"> 
        <int>5</int> 
       </void> 
      </object> 
     </void> 
    </void> 
    <void method="get"> 
     <object class="com.fiorano.edbc.framework.service.exception.ServiceErrorID" method="getServiceErrorId"> 
      <int>2</int> 
     </object> 
     <void method="clear"/> 
     <void method="add"> 
      <object class="com.fiorano.edbc.framework.service.exception.ErrorHandlingAction"/> 
     </void> 
     <void method="add"> 
      <object class="com.fiorano.edbc.framework.service.exception.ErrorHandlingAction"> 
       <void property="id"> 
        <int>1</int> 
       </void> 
      </object> 
     </void> 
    </void> 
    <void method="get"> 
     <object class="com.fiorano.edbc.framework.service.exception.ServiceErrorID" method="getServiceErrorId"> 
      <int>1</int> 
     </object> 
     <void method="clear"/> 
     <void method="add"> 
      <object class="com.fiorano.edbc.framework.service.exception.ErrorHandlingAction"/> 
     </void> 
     <void method="add"> 
      <object class="com.fiorano.edbc.framework.service.exception.RetryAction"> 
       <void property="configuration"> 
        <object class="com.fiorano.edbc.framework.service.exception.RetryConfiguration"> 
         <void property="otherActions"> 
          <void method="put"> 
           <object class="com.fiorano.edbc.framework.service.exception.ErrorHandlingAction"> 
            <void property="id"> 
             <int>1</int> 
            </void> 
           </object> 
           <int>1</int> 
          </void> 
          <void method="put"> 
           <object class="com.fiorano.edbc.framework.service.exception.ErrorHandlingAction"/> 
           <int>1</int> 
          </void> 
         </void> 
        </object> 
       </void> 
       <void property="id"> 
        <int>2</int> 
       </void> 
      </object> 
     </void> 
     <void method="add"> 
      <object class="com.fiorano.edbc.framework.service.exception.ErrorHandlingAction"> 
       <void property="id"> 
        <int>1</int> 
       </void> 
      </object> 
     </void> 
     <void method="add"> 
      <object class="com.fiorano.edbc.framework.service.exception.ErrorHandlingAction"> 
       <void property="id"> 
        <int>5</int> 
       </void> 
      </object> 
     </void> 
     <void method="add"> 
      <object class="com.fiorano.edbc.framework.service.exception.ErrorHandlingAction"> 
       <void property="id"> 
        <int>4</int> 
       </void> 
      </object> 
     </void> 
    </void> 
    <void method="get"> 
     <object class="com.fiorano.edbc.framework.service.exception.ServiceErrorID" method="getServiceErrorId"> 
      <int>0</int> 
     </object> 
     <void method="clear"/> 
     <void method="add"> 
      <object class="com.fiorano.edbc.framework.service.exception.ErrorHandlingAction"/> 
     </void> 
     <void method="add"> 
      <object class="com.fiorano.edbc.framework.service.exception.ErrorHandlingAction"> 
       <void property="id"> 
        <int>6</int> 
       </void> 
      </object> 
     </void> 
     <void method="add"> 
      <object class="com.fiorano.edbc.framework.service.exception.ErrorHandlingAction"> 
       <void property="id"> 
        <int>1</int> 
       </void> 
      </object> 
     </void> 
     <void method="add"> 
      <object class="com.fiorano.edbc.framework.service.exception.ErrorHandlingAction"> 
       <void property="id"> 
        <int>5</int> 
       </void> 
      </object> 
     </void> 
    </void> 
   </void> 
  </void> 
  <void property="header"> 
   <object class="java.util.LinkedHashMap"/> 
  </void> 
  <void property="schema"> 
   <object class="fiorano.esb.record.ESBRecordDefinition"> 
    <void property="rootElementName"> 
     <string>Request</string> 
    </void> 
    <void property="structure"> 
     <string>&lt;xs:schema xmlns:xs=&quot;http://www.w3.org/2001/XMLSchema&quot; targetNamespace=&quot;http://www.fiorano.com/fesb/Xero/In&quot;
           xmlns=&quot;http://www.fiorano.com/fesb/Xero/In&quot; elementFormDefault=&quot;qualified&quot;&gt;
  &lt;xs:element name=&quot;Request&quot;&gt;
    &lt;xs:complexType&gt;
      &lt;xs:sequence&gt;
        &lt;xs:element type=&quot;xs:string&quot; name=&quot;URL&quot;/&gt;
        &lt;xs:element type=&quot;xs:string&quot; name=&quot;method&quot;/&gt;
        &lt;xs:element name=&quot;QueryParameters&quot;&gt;
          &lt;xs:complexType&gt;
            &lt;xs:sequence&gt;
              &lt;xs:element name=&quot;Parameter&quot; maxOccurs=&quot;unbounded&quot; minOccurs=&quot;0&quot;&gt;
                &lt;xs:complexType&gt;
                  &lt;xs:simpleContent&gt;
                    &lt;xs:extension base=&quot;xs:string&quot;&gt;
                      &lt;xs:attribute type=&quot;xs:string&quot; name=&quot;name&quot; use=&quot;optional&quot;/&gt;
                    &lt;/xs:extension&gt;
                  &lt;/xs:simpleContent&gt;
                &lt;/xs:complexType&gt;
              &lt;/xs:element&gt;
            &lt;/xs:sequence&gt;
          &lt;/xs:complexType&gt;
        &lt;/xs:element&gt;
        &lt;xs:element name=&quot;Headers&quot;&gt;
          &lt;xs:complexType&gt;
            &lt;xs:sequence&gt;
              &lt;xs:element name=&quot;Parameter&quot; maxOccurs=&quot;unbounded&quot; minOccurs=&quot;0&quot;&gt;
                &lt;xs:complexType&gt;
                  &lt;xs:simpleContent&gt;
                    &lt;xs:extension base=&quot;xs:string&quot;&gt;
                      &lt;xs:attribute type=&quot;xs:string&quot; name=&quot;name&quot; use=&quot;optional&quot;/&gt;
                    &lt;/xs:extension&gt;
                  &lt;/xs:simpleContent&gt;
                &lt;/xs:complexType&gt;
              &lt;/xs:element&gt;
            &lt;/xs:sequence&gt;
          &lt;/xs:complexType&gt;
        &lt;/xs:element&gt;
        &lt;xs:element name=&quot;Body&quot;&gt;
          &lt;xs:complexType&gt;
            &lt;xs:sequence&gt;
              &lt;xs:element type=&quot;xs:string&quot; name=&quot;Payload&quot;/&gt;
              &lt;xs:element name=&quot;Params&quot;&gt;
                &lt;xs:complexType&gt;
                  &lt;xs:sequence&gt;
                    &lt;xs:element name=&quot;Parameter&quot; maxOccurs=&quot;unbounded&quot; minOccurs=&quot;0&quot;&gt;
                      &lt;xs:complexType&gt;
                        &lt;xs:simpleContent&gt;
                          &lt;xs:extension base=&quot;xs:string&quot;&gt;
                            &lt;xs:attribute type=&quot;xs:string&quot; name=&quot;name&quot; use=&quot;optional&quot;/&gt;
                          &lt;/xs:extension&gt;
                        &lt;/xs:simpleContent&gt;
                      &lt;/xs:complexType&gt;
                    &lt;/xs:element&gt;
                  &lt;/xs:sequence&gt;
                &lt;/xs:complexType&gt;
              &lt;/xs:element&gt;
              &lt;xs:element name=&quot;Attachments&quot;&gt;
                &lt;xs:complexType&gt;
                  &lt;xs:sequence&gt;
                    &lt;xs:element name=&quot;Attachment&quot; maxOccurs=&quot;unbounded&quot; minOccurs=&quot;0&quot;&gt;
                      &lt;xs:complexType&gt;
                        &lt;xs:simpleContent&gt;
                          &lt;xs:extension base=&quot;xs:string&quot;&gt;
                            &lt;xs:attribute type=&quot;xs:string&quot; name=&quot;name&quot; use=&quot;optional&quot;/&gt;
                            &lt;xs:attribute type=&quot;xs:string&quot; name=&quot;isReadFromFile&quot; use=&quot;optional&quot;/&gt;
                          &lt;/xs:extension&gt;
                        &lt;/xs:simpleContent&gt;
                      &lt;/xs:complexType&gt;
                    &lt;/xs:element&gt;
                  &lt;/xs:sequence&gt;
                &lt;/xs:complexType&gt;
              &lt;/xs:element&gt;
            &lt;/xs:sequence&gt;
          &lt;/xs:complexType&gt;
        &lt;/xs:element&gt;
      &lt;/xs:sequence&gt;
    &lt;/xs:complexType&gt;
  &lt;/xs:element&gt;
&lt;/xs:schema&gt;
</string> 
    </void> 
    <void property="targetNamespace"> 
     <string>http://www.fiorano.com/fesb/Xero/In</string> 
    </void> 
   </object> 
  </void> 
 </object> 
</java> 
