<?xml version="1.0" encoding="UTF-8"?> 
<java version="1.7.0_60" class="java.beans.XMLDecoder"> 
 <object class="com.fiorano.esb.service.model.XeroConnectorPM"> 
  <void property="configuredVersion"> 
   <int>1033</int> 
  </void> 
  <void property="errorHandlingConfiguration"> 
   <void property="errorActionsMap"> 
    <void method="get"> 
     <object class="com.fiorano.edbc.framework.service.exception.ServiceErrorID" method="getServiceErrorId"> 
      <int>3</int> 
     </object> 
     <void method="clear"/> 
     <void method="add"> 
      <object class="com.fiorano.edbc.framework.service.exception.ErrorHandlingAction"> 
       <void property="enabled"> 
        <boolean>true</boolean> 
       </void> 
      </object> 
     </void> 
     <void method="add"> 
      <object class="com.fiorano.edbc.framework.service.exception.ErrorHandlingAction"> 
       <void property="enabled"> 
        <boolean>true</boolean> 
       </void> 
       <void property="id"> 
        <int>5</int> 
       </void> 
      </object> 
     </void> 
    </void> 
    <void method="get"> 
     <object class="com.fiorano.edbc.framework.service.exception.ServiceErrorID" method="getServiceErrorId"> 
      <int>2</int> 
     </object> 
     <void method="clear"/> 
     <void method="add"> 
      <object class="com.fiorano.edbc.framework.service.exception.ErrorHandlingAction"> 
       <void property="enabled"> 
        <boolean>true</boolean> 
       </void> 
      </object> 
     </void> 
     <void method="add"> 
      <object class="com.fiorano.edbc.framework.service.exception.ErrorHandlingAction"> 
       <void property="enabled"> 
        <boolean>true</boolean> 
       </void> 
       <void property="id"> 
        <int>1</int> 
       </void> 
      </object> 
     </void> 
    </void> 
    <void method="get"> 
     <object class="com.fiorano.edbc.framework.service.exception.ServiceErrorID" method="getServiceErrorId"> 
      <int>1</int> 
     </object> 
     <void method="clear"/> 
     <void method="add"> 
      <object class="com.fiorano.edbc.framework.service.exception.ErrorHandlingAction"> 
       <void property="enabled"> 
        <boolean>true</boolean> 
       </void> 
      </object> 
     </void> 
     <void method="add"> 
      <object class="com.fiorano.edbc.framework.service.exception.RetryAction"> 
       <void property="configuration"> 
        <object class="com.fiorano.edbc.framework.service.exception.RetryConfiguration"> 
         <void property="otherActions"> 
          <void method="put"> 
           <object class="com.fiorano.edbc.framework.service.exception.ErrorHandlingAction"> 
            <void property="id"> 
             <int>1</int> 
            </void> 
           </object> 
           <int>1</int> 
          </void> 
          <void method="put"> 
           <object class="com.fiorano.edbc.framework.service.exception.ErrorHandlingAction"/> 
           <int>1</int> 
          </void> 
         </void> 
        </object> 
       </void> 
       <void property="id"> 
        <int>2</int> 
       </void> 
      </object> 
     </void> 
     <void method="add"> 
      <object class="com.fiorano.edbc.framework.service.exception.ErrorHandlingAction"> 
       <void property="enabled"> 
        <boolean>true</boolean> 
       </void> 
       <void property="id"> 
        <int>1</int> 
       </void> 
      </object> 
     </void> 
     <void method="add"> 
      <object class="com.fiorano.edbc.framework.service.exception.ErrorHandlingAction"> 
       <void property="id"> 
        <int>5</int> 
       </void> 
      </object> 
     </void> 
     <void method="add"> 
      <object class="com.fiorano.edbc.framework.service.exception.ErrorHandlingAction"> 
       <void property="id"> 
        <int>4</int> 
       </void> 
      </object> 
     </void> 
    </void> 
    <void method="get"> 
     <object class="com.fiorano.edbc.framework.service.exception.ServiceErrorID" method="getServiceErrorId"> 
      <int>0</int> 
     </object> 
     <void method="clear"/> 
     <void method="add"> 
      <object class="com.fiorano.edbc.framework.service.exception.ErrorHandlingAction"> 
       <void property="enabled"> 
        <boolean>true</boolean> 
       </void> 
      </object> 
     </void> 
     <void method="add"> 
      <object class="com.fiorano.edbc.framework.service.exception.ErrorHandlingAction"> 
       <void property="id"> 
        <int>6</int> 
       </void> 
      </object> 
     </void> 
     <void method="add"> 
      <object class="com.fiorano.edbc.framework.service.exception.ErrorHandlingAction"> 
       <void property="enabled"> 
        <boolean>true</boolean> 
       </void> 
       <void property="id"> 
        <int>1</int> 
       </void> 
      </object> 
     </void> 
     <void method="add"> 
      <object class="com.fiorano.edbc.framework.service.exception.ErrorHandlingAction"> 
       <void property="id"> 
        <int>5</int> 
       </void> 
      </object> 
     </void> 
    </void> 
   </void> 
  </void> 
  <void property="outputSchemaDefinition"> 
   <object class="fiorano.esb.record.ESBRecordDefinition"> 
    <void property="rootElementName"> 
     <string>Response</string> 
    </void> 
    <void property="structure"> 
     <string>&lt;xs:schema attributeFormDefault=&quot;unqualified&quot; elementFormDefault=&quot;qualified&quot; xmlns:xs=&quot;http://www.w3.org/2001/XMLSchema&quot;&gt;
&lt;xs:element name=&quot;Response&quot;&gt;
&lt;xs:complexType&gt;
&lt;xs:sequence&gt;
&lt;xs:element type=&quot;xs:string&quot; name=&quot;Id&quot;/&gt;
&lt;xs:element type=&quot;xs:string&quot; name=&quot;Status&quot;/&gt;
&lt;xs:element type=&quot;xs:string&quot; name=&quot;ProviderName&quot;/&gt;
&lt;xs:element type=&quot;xs:string&quot; name=&quot;stringUTC&quot;/&gt;
&lt;xs:element name=&quot;BankTransactions&quot;&gt;
&lt;xs:complexType&gt;
&lt;xs:sequence&gt;
&lt;xs:element name=&quot;BankTransaction&quot; maxOccurs=&quot;unbounded&quot; minOccurs=&quot;0&quot;&gt;
&lt;xs:complexType&gt;
&lt;xs:sequence&gt;
&lt;xs:element name=&quot;Contact&quot;&gt;
&lt;xs:complexType&gt;
&lt;xs:sequence&gt;
&lt;xs:element type=&quot;xs:string&quot; name=&quot;ContactID&quot;/&gt;
&lt;xs:element type=&quot;xs:string&quot; name=&quot;Name&quot;/&gt;
&lt;/xs:sequence&gt;
&lt;/xs:complexType&gt;
&lt;/xs:element&gt;
&lt;xs:element type=&quot;xs:string&quot; name=&quot;Date&quot;/&gt;
&lt;xs:element type=&quot;xs:string&quot; name=&quot;Status&quot;/&gt;
&lt;xs:element type=&quot;xs:string&quot; name=&quot;LineAmountTypes&quot;/&gt;
&lt;xs:element type=&quot;xs:string&quot; name=&quot;SubTotal&quot;/&gt;
&lt;xs:element type=&quot;xs:string&quot; name=&quot;TotalTax&quot;/&gt;
&lt;xs:element type=&quot;xs:string&quot; name=&quot;Total&quot;/&gt;
&lt;xs:element type=&quot;xs:string&quot; name=&quot;UpdatedDateUTC&quot;/&gt;
&lt;xs:element type=&quot;xs:string&quot; name=&quot;CurrencyCode&quot;/&gt;
&lt;xs:element type=&quot;xs:string&quot; name=&quot;BankTransactionID&quot;/&gt;
&lt;xs:element name=&quot;BankAccount&quot;&gt;
&lt;xs:complexType&gt;
&lt;xs:sequence&gt;
&lt;xs:element type=&quot;xs:string&quot; name=&quot;AccountID&quot;/&gt;
&lt;xs:element type=&quot;xs:string&quot; name=&quot;Code&quot;/&gt;
&lt;xs:element type=&quot;xs:string&quot; name=&quot;Name&quot;/&gt;
&lt;/xs:sequence&gt;
&lt;/xs:complexType&gt;
&lt;/xs:element&gt;
&lt;xs:element type=&quot;xs:string&quot; name=&quot;Type&quot;/&gt;
&lt;xs:element type=&quot;xs:string&quot; name=&quot;Reference&quot; minOccurs=&quot;0&quot;/&gt;
&lt;xs:element type=&quot;xs:string&quot; name=&quot;IsReconciled&quot;/&gt;
&lt;xs:element type=&quot;xs:string&quot; name=&quot;HasAttachments&quot;/&gt;
&lt;/xs:sequence&gt;
&lt;/xs:complexType&gt;
&lt;/xs:element&gt;
&lt;/xs:sequence&gt;
&lt;/xs:complexType&gt;
&lt;/xs:element&gt;
&lt;/xs:sequence&gt;
&lt;/xs:complexType&gt;
&lt;/xs:element&gt;
&lt;/xs:schema&gt;</string> 
    </void> 
    <void property="targetNamespace"> 
     <string></string> 
    </void> 
   </object> 
  </void> 
  <void property="privatePKCSFile"> 
   <string>/home/pankaj/Downloads/privatekey.pkcs8</string> 
  </void> 
  <void property="xeroConsumerKey"> 
   <string>SDQDODTMDOSNEPLSH0MTU1L0XCVZEQ</string> 
  </void> 
 </object> 
</java> 
