<?xml version="1.0" encoding="UTF-8"?>
<xsl:stylesheet version="1.0" xmlns:datetime="http://exslt.org/dates-and-times" xmlns:set="http://exslt.org/sets" xmlns:xsi="http://www.w3.org/2001/XMLSchema-instance" xmlns:xsl="http://www.w3.org/1999/XSL/Transform" xmlns:math="http://exslt.org/math" xmlns:lxslt="http://xml.apache.org/xslt" xmlns:xalan="http://xml.apache.org/xslt" xmlns:java="http://xml.apache.org/xslt/java" exclude-result-prefixes="xalan java lxslt" xmlns:ns3="http://www.w3.org/2001/XMLSchema" xmlns:ns2="http://www.fiorano.com/fesb/Xero/In" xmlns:dateConversion="ext1" xmlns:myext="ext2" xmlns:strings="ext3" extension-element-prefixes="datetime set math dateConversion myext strings">
  <xsl:output method="xml" indent="yes" encoding="UTF-8" xalan:indent-amount="2" omit-xml-declaration="no"></xsl:output>
  <xsl:variable name="document" select="/"></xsl:variable>
  <xsl:variable name="document_OUT_PORT" select="document('OUT_PORT')"></xsl:variable>
  <xsl:template match="/">
    <ns2:Request>
      <ns2:URL>
        <xsl:value-of select="'https://api.xero.com/api.xro/2.0/Items'"></xsl:value-of>
      </ns2:URL>
      <ns2:method>
        <xsl:value-of select="'POST'"></xsl:value-of>
      </ns2:method>
      <ns2:Headers>
        <ns2:Parameter>
          <xsl:attribute name="name">
            <xsl:value-of select="'Content-Type'"></xsl:value-of>
          </xsl:attribute>
          <xsl:value-of select="'application/xml'"></xsl:value-of>
        </ns2:Parameter>
      </ns2:Headers>
      <ns2:Body>
        <ns2:Payload>
          <xsl:text disable-output-escaping="yes">&lt;![CDATA[</xsl:text>
          <xsl:copy-of select="$document_OUT_PORT/Item"></xsl:copy-of>
          <xsl:text disable-output-escaping="yes">]]&gt;</xsl:text>
        </ns2:Payload>
      </ns2:Body>
    </ns2:Request>
  </xsl:template>
</xsl:stylesheet>