<?xml version="1.0" encoding="UTF-8"?>
<target:target xmlns:xsi="http://www.w3.org/2001/XMLSchema-instance" xmlns:target="http://fiorano.com/environment/1.0" xsi:schemaLocation="http://fiorano.com/environment/1.0 env.xsd">
  <target:instance name="DB1">
    <target:instance-properties>
      <target:deployment cache="true" nodes="fps"/>
    </target:instance-properties>
    <target:configuration-properties>
      <target:property configurationType="resource" encrypt="false" name="DBConfigurations" type="NamedObject">DBConfig</target:property>
    </target:configuration-properties>
  </target:instance>
  <target:instance name="Display1">
    <target:instance-properties>
      <target:deployment cache="true" nodes="fps"/>
    </target:instance-properties>
  </target:instance>
  <target:instance name="UpdateSalePrice">
    <target:instance-properties>
      <target:deployment cache="true" nodes="fps"/>
    </target:instance-properties>
    <target:configuration-properties/>
  </target:instance>
  <target:instance name="Xslt1">
    <target:instance-properties>
      <target:deployment cache="true" nodes="fps"/>
    </target:instance-properties>
    <target:configuration-properties>
      <target:property encrypt="false" name="XSLT Engine" type="java.lang.String">Xalan</target:property>
      <target:property encrypt="false" name="Transformation Class Name" type="java.lang.String"></target:property>
    </target:configuration-properties>
  </target:instance>
  <target:instance name="Display2">
    <target:instance-properties>
      <target:deployment cache="true" nodes="fps"/>
    </target:instance-properties>
  </target:instance>
</target:target>