<?xml version="1.0" encoding="UTF-8"?> 
<java version="1.7.0_60" class="java.beans.XMLDecoder"> 
 <object class="com.fiorano.services.xslt.configuration.XsltPM"> 
  <void property="JMSMessageXSL"> 
   <null/> 
  </void> 
  <void property="JMSMessageXSL1"> 
   <null/> 
  </void> 
  <void property="XSL"> 
   <string>&lt;?xml version=&quot;1.0&quot; encoding=&quot;UTF-8&quot;?&gt;
&lt;xsl:stylesheet version=&quot;1.0&quot; xmlns:datetime=&quot;http://exslt.org/dates-and-times&quot; xmlns:set=&quot;http://exslt.org/sets&quot; xmlns:xsi=&quot;http://www.w3.org/2001/XMLSchema-instance&quot; xmlns:xsl=&quot;http://www.w3.org/1999/XSL/Transform&quot; xmlns:math=&quot;http://exslt.org/math&quot; xmlns:lxslt=&quot;http://xml.apache.org/xslt&quot; xmlns:xalan=&quot;http://xml.apache.org/xslt&quot; xmlns:java=&quot;http://xml.apache.org/xslt/java&quot; exclude-result-prefixes=&quot;xalan java lxslt&quot; xmlns:ns2=&quot;http://www.w3.org/2001/XMLSchema&quot; xmlns:ns1=&quot;http://www.fiorano.com/fesb/activity/DB1/Response&quot; xmlns:dateConversion=&quot;ext1&quot; xmlns:myext=&quot;ext2&quot; xmlns:strings=&quot;ext3&quot; extension-element-prefixes=&quot;datetime set math dateConversion myext strings&quot;&gt;
  &lt;xsl:output method=&quot;xml&quot; indent=&quot;yes&quot; encoding=&quot;UTF-8&quot; xalan:indent-amount=&quot;2&quot; omit-xml-declaration=&quot;no&quot;&gt;&lt;/xsl:output&gt;
  &lt;xsl:variable name=&quot;document&quot; select=&quot;/&quot;&gt;&lt;/xsl:variable&gt;
  &lt;xsl:variable name=&quot;document_IN_PORT&quot; select=&quot;document(&apos;IN_PORT&apos;)&quot;&gt;&lt;/xsl:variable&gt;
  &lt;xsl:template match=&quot;/&quot;&gt;
    &lt;Item&gt;
      &lt;Code&gt;
        &lt;xsl:value-of select=&quot;$document_IN_PORT/ns1:SQL_CFG_1/ns1:dbo.Inventory/ns1:code&quot;&gt;&lt;/xsl:value-of&gt;
      &lt;/Code&gt;
      &lt;SalesDetails&gt;
        &lt;UnitPrice&gt;
          &lt;xsl:value-of select=&quot;$document_IN_PORT/ns1:SQL_CFG_1/ns1:dbo.Inventory/ns1:salesUnitPrice&quot;&gt;&lt;/xsl:value-of&gt;
        &lt;/UnitPrice&gt;
      &lt;/SalesDetails&gt;
    &lt;/Item&gt;
  &lt;/xsl:template&gt;
&lt;/xsl:stylesheet&gt;</string> 
  </void> 
  <void property="configuredVersion"> 
   <int>1033</int> 
  </void> 
  <void property="errorHandlingConfiguration"> 
   <void property="errorActionsMap"> 
    <void method="get"> 
     <object class="com.fiorano.edbc.framework.service.exception.ServiceErrorID" method="getServiceErrorId"> 
      <int>3</int> 
     </object> 
     <void method="clear"/> 
     <void method="add"> 
      <object class="com.fiorano.edbc.framework.service.exception.ErrorHandlingAction"> 
       <void property="enabled"> 
        <boolean>true</boolean> 
       </void> 
      </object> 
     </void> 
     <void method="add"> 
      <object class="com.fiorano.edbc.framework.service.exception.ErrorHandlingAction"> 
       <void property="enabled"> 
        <boolean>true</boolean> 
       </void> 
       <void property="id"> 
        <int>5</int> 
       </void> 
      </object> 
     </void> 
    </void> 
    <void method="get"> 
     <object class="com.fiorano.edbc.framework.service.exception.ServiceErrorID" method="getServiceErrorId"> 
      <int>2</int> 
     </object> 
     <void method="clear"/> 
     <void method="add"> 
      <object class="com.fiorano.edbc.framework.service.exception.ErrorHandlingAction"> 
       <void property="enabled"> 
        <boolean>true</boolean> 
       </void> 
      </object> 
     </void> 
     <void method="add"> 
      <object class="com.fiorano.edbc.framework.service.exception.ErrorHandlingAction"> 
       <void property="enabled"> 
        <boolean>true</boolean> 
       </void> 
       <void property="id"> 
        <int>1</int> 
       </void> 
      </object> 
     </void> 
    </void> 
    <void method="get"> 
     <object class="com.fiorano.edbc.framework.service.exception.ServiceErrorID" method="getServiceErrorId"> 
      <int>1</int> 
     </object> 
     <void method="clear"/> 
     <void method="add"> 
      <object class="com.fiorano.edbc.framework.service.exception.ErrorHandlingAction"> 
       <void property="enabled"> 
        <boolean>true</boolean> 
       </void> 
      </object> 
     </void> 
     <void method="add"> 
      <object class="com.fiorano.edbc.framework.service.exception.RetryAction"> 
       <void property="configuration"> 
        <object class="com.fiorano.edbc.framework.service.exception.RetryConfiguration"> 
         <void property="otherActions"> 
          <void method="put"> 
           <object class="com.fiorano.edbc.framework.service.exception.ErrorHandlingAction"> 
            <void property="enabled"> 
             <boolean>true</boolean> 
            </void> 
            <void property="id"> 
             <int>1</int> 
            </void> 
           </object> 
           <int>1</int> 
          </void> 
          <void method="put"> 
           <object class="com.fiorano.edbc.framework.service.exception.ErrorHandlingAction"> 
            <void property="enabled"> 
             <boolean>true</boolean> 
            </void> 
           </object> 
           <int>1</int> 
          </void> 
         </void> 
        </object> 
       </void> 
       <void property="id"> 
        <int>2</int> 
       </void> 
      </object> 
     </void> 
     <void method="add"> 
      <object class="com.fiorano.edbc.framework.service.exception.ErrorHandlingAction"> 
       <void property="enabled"> 
        <boolean>true</boolean> 
       </void> 
       <void property="id"> 
        <int>1</int> 
       </void> 
      </object> 
     </void> 
     <void method="add"> 
      <object class="com.fiorano.edbc.framework.service.exception.ErrorHandlingAction"> 
       <void property="id"> 
        <int>5</int> 
       </void> 
      </object> 
     </void> 
     <void method="add"> 
      <object class="com.fiorano.edbc.framework.service.exception.ErrorHandlingAction"> 
       <void property="id"> 
        <int>4</int> 
       </void> 
      </object> 
     </void> 
    </void> 
    <void method="get"> 
     <object class="com.fiorano.edbc.framework.service.exception.ServiceErrorID" method="getServiceErrorId"> 
      <int>0</int> 
     </object> 
     <void method="clear"/> 
     <void method="add"> 
      <object class="com.fiorano.edbc.framework.service.exception.ErrorHandlingAction"> 
       <void property="enabled"> 
        <boolean>true</boolean> 
       </void> 
      </object> 
     </void> 
     <void method="add"> 
      <object class="com.fiorano.edbc.framework.service.exception.ErrorHandlingAction"> 
       <void property="id"> 
        <int>6</int> 
       </void> 
      </object> 
     </void> 
     <void method="add"> 
      <object class="com.fiorano.edbc.framework.service.exception.ErrorHandlingAction"> 
       <void property="enabled"> 
        <boolean>true</boolean> 
       </void> 
       <void property="id"> 
        <int>1</int> 
       </void> 
      </object> 
     </void> 
     <void method="add"> 
      <object class="com.fiorano.edbc.framework.service.exception.ErrorHandlingAction"> 
       <void property="id"> 
        <int>5</int> 
       </void> 
      </object> 
     </void> 
    </void> 
   </void> 
  </void> 
  <void property="esbDefInPort"> 
   <object class="fiorano.esb.record.ESBRecordDefinition"> 
    <void property="rootElementName"> 
     <string>SQL_CFG_1</string> 
    </void> 
    <void property="structure"> 
     <string>&lt;?xml version=&quot;1.0&quot; encoding=&quot;UTF-8&quot;?&gt;
&lt;xsd:schema xmlns:xsd=&quot;http://www.w3.org/2001/XMLSchema&quot; elementFormDefault=&quot;qualified&quot; targetNamespace=&quot;http://www.fiorano.com/fesb/activity/DB1/Response&quot;&gt;
   &lt;xsd:element name=&quot;SQL_CFG_1&quot;&gt;
      &lt;xsd:complexType&gt;
         &lt;xsd:sequence&gt;
            &lt;xsd:element minOccurs=&quot;0&quot; maxOccurs=&quot;unbounded&quot; name=&quot;dbo.Inventory&quot;&gt;
               &lt;xsd:complexType&gt;
                  &lt;xsd:sequence&gt;
                     &lt;xsd:element name=&quot;item_id&quot; type=&quot;xsd:string&quot;/&gt;
                     &lt;xsd:element name=&quot;code&quot; type=&quot;xsd:string&quot;/&gt;
                     &lt;xsd:element name=&quot;purchaseUnitPrice&quot; type=&quot;xsd:string&quot;/&gt;
                     &lt;xsd:element name=&quot;salesUnitPrice&quot; type=&quot;xsd:string&quot;/&gt;
                  &lt;/xsd:sequence&gt;
               &lt;/xsd:complexType&gt;
            &lt;/xsd:element&gt;
         &lt;/xsd:sequence&gt;
         &lt;xsd:attribute name=&quot;id&quot; type=&quot;xsd:long&quot; use=&quot;optional&quot;/&gt;
      &lt;/xsd:complexType&gt;
   &lt;/xsd:element&gt;
&lt;/xsd:schema&gt;
</string> 
    </void> 
    <void property="targetNamespace"> 
     <string>http://www.fiorano.com/fesb/activity/DB1/Response</string> 
    </void> 
   </object> 
  </void> 
  <void property="esbDefOutPort"> 
   <object class="fiorano.esb.record.ESBRecordDefinition"> 
    <void property="definitionType"> 
     <int>2</int> 
    </void> 
    <void property="rootElementName"> 
     <string>Item</string> 
    </void> 
    <void property="structure"> 
     <string>&lt;!ELEMENT Code ( #PCDATA ) &gt;
&lt;!ELEMENT Item ( Code, SalesDetails ) &gt;
&lt;!ELEMENT SalesDetails ( UnitPrice ) &gt;
&lt;!ELEMENT UnitPrice ( #PCDATA ) &gt;
</string> 
    </void> 
    <void property="targetNamespace"> 
     <string></string> 
    </void> 
   </object> 
  </void> 
  <void property="inputStructureName"> 
   <string>IN_PORT</string> 
  </void> 
  <void property="project"> 
   <string>project</string> 
  </void> 
  <void property="tfClassName"> 
   <string></string> 
  </void> 
 </object> 
</java> 
